{"client#1/staleness": 0, "round": 1, "_timestamp": 1674817657.2840962, "client#1/num_samples": 4000, "client#1/auroc": 0.4439128339290619, "client#1/accuracy": 0.10000000149011612, "client#1/training_time": 65.2780386, "client#1/comm_time": 0.7335708618164063, "client#1/update_response": false, "client#1/validation_loss": 2.305868923664093, "client#1/train_loss": 1.9866737127304077, "client#1/precision": 0.010900000110268593, "client#1/recall": 0.10000000149011612, "client#1/f1": 0.019657349213957787, "client#1/aupr": 0.09291497617959976, "client#1/positive_rate": 0, "client#2/staleness": 0, "client#2/num_samples": 4000, "client#2/auroc": 0.47108545899391174, "client#2/accuracy": 0.10000000149011612, "client#2/training_time": 69.2674887, "client#2/comm_time": 0.7335708618164063, "client#2/update_response": false, "client#2/validation_loss": 2.3066571950912476, "client#2/train_loss": 2.020063638687134, "client#2/precision": 0.011099999770522118, "client#2/recall": 0.10000000149011612, "client#2/f1": 0.019981998950242996, "client#2/aupr": 0.10241404920816422, "client#2/positive_rate": 0, "aggregations": 0, "train/avg_loss": 2.0033686757087708, "val/avg_auroc": 0.4574991464614868, "val/avg_accuracy": 0.10000000149011612, "val/avg_loss": 2.3062630593776703, "val/avg_precision": 0.010999999940395355, "val/avg_recall": 0.10000000149011612, "val/avg_f1": 0.01981967408210039, "val/avg_aupr": 0.09766451269388199, "avg_staleness": 0.0, "train/weighted_avg_loss": 2.0033686757087708, "val/weighted_avg_auroc": 0.4574991464614868, "val/weighted_avg_accuracy": 0.10000000149011612, "val/weighted_avg_loss": 2.3062630593776703, "val/weighted_avg_precision": 0.010999999940395355, "val/weighted_avg_recall": 0.10000000149011612, "val/weighted_avg_f1": 0.01981967408210039, "val/weighted_avg_aupr": 0.09766451269388199, "final/central_test_loss": 1.8207563531284514, "_runtime": 145.35223627090454, "_step": 14, "final/central_test_auroc": 0.798315703868866, "final/central_test_accuracy": 0.32169997692108154, "final/central_test_precision": 0.3044379651546478, "final/central_test_recall": 0.32169997692108154, "final/central_test_f1": 0.2678513526916504, "final/central_test_aupr": 0.32118040323257446, "final/roc_table": {"_type": "table-file", "sha256": "f0da01bc47fe193854036ded0c7749df987e7f83223f6861b341a07cb4a18fed", "size": 207740, "artifact_path": "wandb-client-artifact://lsremg0w4ntcyrkzid24zswel50434ux75vju3bay51ohsrjzrag1zrzr3u0acj5lu2a5lbl6nvb09xni8t7s6jothxmxd9smoiqwwi18z84vy5qrk8k25uglkpu3yfh:latest/final/roc_table.table.json", "_latest_artifact_path": "wandb-client-artifact://lsremg0w4ntcyrkzid24zswel50434ux75vju3bay51ohsrjzrag1zrzr3u0acj5lu2a5lbl6nvb09xni8t7s6jothxmxd9smoiqwwi18z84vy5qrk8k25uglkpu3yfh:latest/final/roc_table.table.json", "path": "media/table/final/roc_table_8_f0da01bc47fe19385403.table.json", "ncols": 3, "nrows": 10000}, "final/conf_table": {"_type": "table-file", "sha256": "7c99fcb2625f98f8dc6ee3c9bca62072654c9347d586ee17d52592c1e5b6716a", "size": 1881, "artifact_path": "wandb-client-artifact://cll9feg08dbg158fssqt1rdi35qmcs770r4muo3lee1fbbxro1lpj05jelycht76wymas2viu1lghn7kypozjsci6nwngkuod2fc564yna5ad5ygtqay41414r4i49id:latest/final/conf_table.table.json", "_latest_artifact_path": "wandb-client-artifact://cll9feg08dbg158fssqt1rdi35qmcs770r4muo3lee1fbbxro1lpj05jelycht76wymas2viu1lghn7kypozjsci6nwngkuod2fc564yna5ad5ygtqay41414r4i49id:latest/final/conf_table.table.json", "path": "media/table/final/conf_table_9_7c99fcb2625f98f8dc6e.table.json", "ncols": 3, "nrows": 100}, "confusion_matrix": {"_type": "table-file", "sha256": "562163d57e0a5a9ff4146c1aa035926eaf1fc6934199a4bb2ed7d189d79c413e", "size": 1674, "artifact_path": "wandb-client-artifact://jnn77gz5bahgb4ylknvkqirj9jf4ezw3mayd46eio7kgj9eo4vuo5euss9gcuds2vutntt4w572fk4d7a2qkbl8k6k782lpz8fl7fc0efnv02s9lap0jd0pbb7va3del:latest/confusion_matrix.table.json", "_latest_artifact_path": "wandb-client-artifact://jnn77gz5bahgb4ylknvkqirj9jf4ezw3mayd46eio7kgj9eo4vuo5euss9gcuds2vutntt4w572fk4d7a2qkbl8k6k782lpz8fl7fc0efnv02s9lap0jd0pbb7va3del:latest/confusion_matrix.table.json", "path": "media/table/confusion_matrix_10_562163d57e0a5a9ff414.table.json", "ncols": 3, "nrows": 100}, "final/conf-sklearn": null, "final/pr_table": {"_type": "table-file", "sha256": "60ba7c053a5d19fb23001fcef5dcc203bb22312495b4a2e85b19b46fde01174c", "size": 4102, "artifact_path": "wandb-client-artifact://j4o5mb4c7ldd3muudor15s126m4r21e1btcdhyal20n52z2eoy0k8ryulym7qkaml8knc2ukcxvxo6ybnt09h71wupffmqa78vn5vcquj71w7auguzub3c9ztud30zr8:latest/final/pr_table.table.json", "_latest_artifact_path": "wandb-client-artifact://j4o5mb4c7ldd3muudor15s126m4r21e1btcdhyal20n52z2eoy0k8ryulym7qkaml8knc2ukcxvxo6ybnt09h71wupffmqa78vn5vcquj71w7auguzub3c9ztud30zr8:latest/final/pr_table.table.json", "path": "media/table/final/pr_table_12_60ba7c053a5d19fb2300.table.json", "ncols": 3, "nrows": 210}, "aggregations/client#1": 1, "aggregations/client#2": 1, "_wandb": {"runtime": 144}}