{"client#1/staleness": 1, "round": 20, "_timestamp": 1674819119.6311834, "client#1/num_samples": 4000, "client#1/auroc": 0.9014083743095398, "client#1/accuracy": 0.49756354093551636, "client#1/training_time": 45.30626240000015, "client#1/comm_time": 0.4890472412109375, "client#1/update_response": false, "client#1/validation_loss": 1.341237846761942, "client#1/train_loss": 1.2905946969985962, "client#1/precision": 0.5519415140151978, "client#1/recall": 0.49756354093551636, "client#1/f1": 0.49988651275634766, "client#1/aupr": 0.5844186544418335, "client#1/positive_rate": 0, "aggregations": 19, "train/avg_loss": 1.3050423860549927, "val/avg_auroc": 0.9011729955673218, "val/avg_accuracy": 0.498416543006897, "val/avg_loss": 1.3368898872286081, "val/avg_precision": 0.5354173183441162, "val/avg_recall": 0.498416543006897, "val/avg_f1": 0.49610331654548645, "val/avg_aupr": 0.5771401524543762, "avg_staleness": 1.0, "train/weighted_avg_loss": 1.3050423860549927, "val/weighted_avg_auroc": 0.9011729955673218, "val/weighted_avg_accuracy": 0.498416543006897, "val/weighted_avg_loss": 1.3368898872286081, "val/weighted_avg_precision": 0.5354173183441162, "val/weighted_avg_recall": 0.498416543006897, "val/weighted_avg_f1": 0.49610331654548645, "val/weighted_avg_aupr": 0.5771401524543762, "_runtime": 1207.206295490265, "_step": 33, "client#2/staleness": 1, "client#2/num_samples": 4000, "client#2/auroc": 0.9011729955673218, "client#2/accuracy": 0.498416543006897, "client#2/training_time": 43.764732000000095, "client#2/comm_time": 0.4890472412109375, "client#2/update_response": false, "client#2/validation_loss": 1.3368898872286081, "client#2/train_loss": 1.3050423860549927, "client#2/precision": 0.5354173183441162, "client#2/recall": 0.498416543006897, "client#2/f1": 0.49610331654548645, "client#2/aupr": 0.5771401524543762, "client#2/positive_rate": 0, "final/central_test_loss": 1.2861163100114645, "final/central_test_auroc": 0.9044426083564758, "final/central_test_accuracy": 0.5300000309944153, "final/central_test_precision": 0.5543698072433472, "final/central_test_recall": 0.5300000309944153, "final/central_test_f1": 0.5216661095619202, "final/central_test_aupr": 0.5920038223266602, "final/roc_table": {"_type": "table-file", "sha256": "50f52b9333cd4212dccf4469f80ab50414de1f2820365c6274bc3c1b0e3987ff", "size": 207672, "artifact_path": "wandb-client-artifact://dl7qcigcpp1v9xa0mjix24549m1zvh8ocy50s856sa454rmt284wrkmxfv8yg9wgw9j9w2nbe9tlnmxl5p72f299so52gappaueuerci83i5h5uzs3qxnomhonfrrrql:latest/final/roc_table.table.json", "_latest_artifact_path": "wandb-client-artifact://dl7qcigcpp1v9xa0mjix24549m1zvh8ocy50s856sa454rmt284wrkmxfv8yg9wgw9j9w2nbe9tlnmxl5p72f299so52gappaueuerci83i5h5uzs3qxnomhonfrrrql:latest/final/roc_table.table.json", "path": "media/table/final/roc_table_27_50f52b9333cd4212dccf.table.json", "ncols": 3, "nrows": 10000}, "final/conf_table": {"_type": "table-file", "sha256": "1675e910a2da6b796c79923ad18274b1fa7e3cf094caf94c3d3e8cdd30e1a39a", "size": 1880, "artifact_path": "wandb-client-artifact://63a2dupfh3yj5bzi6nxdszs08wir7qv2f5gktc59478a7ayyo1id05yi781hb95kol7ynjanea0wu2ak9xw5gsspwcrhe2uj0d81794rpxzmfo6ntbe20qzkp6jprld1:latest/final/conf_table.table.json", "_latest_artifact_path": "wandb-client-artifact://63a2dupfh3yj5bzi6nxdszs08wir7qv2f5gktc59478a7ayyo1id05yi781hb95kol7ynjanea0wu2ak9xw5gsspwcrhe2uj0d81794rpxzmfo6ntbe20qzkp6jprld1:latest/final/conf_table.table.json", "path": "media/table/final/conf_table_28_1675e910a2da6b796c79.table.json", "ncols": 3, "nrows": 100}, "confusion_matrix": {"_type": "table-file", "sha256": "865eaf0e1f794ac56e09f86535c0b6e655f77baafdfaf9f8f5f62841918efd61", "size": 1673, "artifact_path": "wandb-client-artifact://0dzfre5gpcek21w3ef35d9hpi0wytb1eqqdut7tbek3t75fhc0ms2n16t406auxkqmoxgm4fb3geux6wzp3ryjyq5tf0sayy0qpmfriz5yzdoscbaxcf1jbh295j5g08:latest/confusion_matrix.table.json", "_latest_artifact_path": "wandb-client-artifact://0dzfre5gpcek21w3ef35d9hpi0wytb1eqqdut7tbek3t75fhc0ms2n16t406auxkqmoxgm4fb3geux6wzp3ryjyq5tf0sayy0qpmfriz5yzdoscbaxcf1jbh295j5g08:latest/confusion_matrix.table.json", "path": "media/table/confusion_matrix_29_865eaf0e1f794ac56e09.table.json", "ncols": 3, "nrows": 100}, "final/conf-sklearn": null, "final/pr_table": {"_type": "table-file", "sha256": "fa102bbb0e13c8c2e06c44b007c5b8c547c6f2e059482f73a488175a53b2394b", "size": 4105, "artifact_path": "wandb-client-artifact://xji9vgkj40e08vd7ql3iwzw3covj53mxt5ty0iysqkn6tlj2f2mluui4gr0i2tlb54l46hm8emi0r4xcl8ptw9oin65m6jqsjzafozxc1zgzbrpmvn3huvbao7x6shkt:latest/final/pr_table.table.json", "_latest_artifact_path": "wandb-client-artifact://xji9vgkj40e08vd7ql3iwzw3covj53mxt5ty0iysqkn6tlj2f2mluui4gr0i2tlb54l46hm8emi0r4xcl8ptw9oin65m6jqsjzafozxc1zgzbrpmvn3huvbao7x6shkt:latest/final/pr_table.table.json", "path": "media/table/final/pr_table_31_fa102bbb0e13c8c2e06c.table.json", "ncols": 3, "nrows": 210}, "aggregations/client#1": 10, "aggregations/client#2": 10, "_wandb": {"runtime": 1206}}